"","Years until 20% infected with only hrp2 deletions","PfPR","ft","PfPR_grouped","lessthan5"," 20+"
"1",7.01666666666667,0.146567346938776,0.2,"0.0 - 0.15",FALSE,NA
"2",7.675,0.161381224489796,0.2,"0.15 - 0.2",FALSE,NA
"3",7.11666666666667,0.16806306122449,0.2,"0.15 - 0.2",FALSE,NA
"4",7.38333333333333,0.180549591836735,0.2,"0.15 - 0.2",FALSE,NA
"5",7.63333333333333,0.182137823129252,0.2,"0.15 - 0.2",FALSE,NA
"6",7.975,0.205185238095238,0.2,"0.2 - 0.25",FALSE,NA
"7",8.51666666666667,0.209392721088435,0.2,"0.2 - 0.25",FALSE,NA
"8",8.825,0.224990068027211,0.2,"0.2 - 0.25",FALSE,NA
"9",8.46666666666667,0.242270408163265,0.2,"0.2 - 0.25",FALSE,NA
"10",8.94166666666667,0.250225578231293,0.2,"0.25 - 0.3",FALSE,NA
"11",10.2583333333333,0.269463741496599,0.2,"0.25 - 0.3",FALSE,NA
"12",9.7,0.279845578231293,0.2,"0.25 - 0.3",FALSE,NA
"13",10.5333333333333,0.294668231292517,0.2,"0.25 - 0.3",FALSE,NA
"14",10.95,0.310011768707483,0.2,"0.3 - 0.35",FALSE,NA
"15",10.9833333333333,0.325234149659864,0.2,"0.3 - 0.35",FALSE,NA
"16",11.7666666666667,0.348360680272109,0.2,"0.3 - 0.35",FALSE,NA
"17",12.4333333333333,0.362602244897959,0.2,"0.35 - 0.4",FALSE,NA
"18",13.7333333333333,0.381713673469388,0.2,"0.35 - 0.4",FALSE,NA
"19",14.4583333333333,0.401017551020408,0.2,"0.4 - 0.45",FALSE,NA
"20",14.1166666666667,0.417933537414966,0.2,"0.4 - 0.45",FALSE,NA
"21",16.5416666666667,0.442221020408163,0.2,"0.4 - 0.45",FALSE,NA
"22",16.3333333333333,0.455614081632653,0.2,"0.45 - 0.5",FALSE,NA
"23",16.4333333333333,0.473554965986395,0.2,"0.45 - 0.5",FALSE,NA
"24",NA,0.490999047619048,0.2,"0.45 - 0.5",NA,NA
"25",NA,0.500130680272109,0.2,"0.5 - 0.55",NA,NA
"26",NA,0.531823401360544,0.2,"0.5 - 0.55",NA,NA
"27",NA,0.549528639455782,0.2,"0.5 - 0.55",NA,NA
"28",NA,0.559949319727891,0.2,"0.55 - 0.6",NA,NA
"29",NA,0.582715510204082,0.2,"0.55 - 0.6",NA,NA
"30",NA,0.594771904761905,0.2,"0.55 - 0.6",NA,NA
"31",NA,0.614812380952381,0.2,"0.6 - 0.65",NA,NA
"32",NA,0.629918231292517,0.2,"0.6 - 0.65",NA,NA
"33",NA,0.647138843537415,0.2,"0.6 - 0.65",NA,NA
"34",NA,0.669324761904762,0.2,"0.65 - 0.7",NA,NA
"35",NA,0.682761292517007,0.2,"0.65 - 0.7",NA,NA
"36",NA,0.701075918367347,0.2,"0.7 - 0.75",NA,NA
"37",NA,0.713292176870748,0.2,"0.7 - 0.75",NA,NA
"38",NA,0.723303333333333,0.2,"0.7 - 0.75",NA,NA
"39",NA,0.743146530612245,0.2,"0.7 - 0.75",NA,NA
"40",NA,0.754854149659864,0.2,"0.75 - 0.8",NA,NA
"41",NA,0.769008911564626,0.2,"0.75 - 0.8",NA,NA
"42",NA,0.77799231292517,0.2,"0.75 - 0.8",NA,NA
"43",NA,0.788118707482993,0.2,"0.75 - 0.8",NA,NA
"44",NA,0.804062244897959,0.2,"0.8 - 1.0",NA,NA
"45",NA,0.814685238095238,0.2,"0.8 - 1.0",NA,NA
"46",NA,0.827327619047619,0.2,"0.8 - 1.0",NA,NA
"47",NA,0.836064081632653,0.2,"0.8 - 1.0",NA,NA
"48",NA,0.843468231292517,0.2,"0.8 - 1.0",NA,NA
"49",NA,0.856123197278912,0.2,"0.8 - 1.0",NA,NA
"50",NA,0.862204965986395,0.2,"0.8 - 1.0",NA,NA
"51",NA,0.873972448979592,0.2,"0.8 - 1.0",NA,NA
"52",NA,0.881794557823129,0.2,"0.8 - 1.0",NA,NA
"53",NA,0.885244489795919,0.2,"0.8 - 1.0",NA,NA
"54",NA,0.893824353741497,0.2,"0.8 - 1.0",NA,NA
"55",NA,0.900816734693878,0.2,"0.8 - 1.0",NA,NA
"56",4.20833333333333,0.124137142857143,0.3,"0.0 - 0.15",TRUE,NA
"57",4.53333333333333,0.138422448979592,0.3,"0.0 - 0.15",TRUE,NA
"58",4.79166666666667,0.147763129251701,0.3,"0.0 - 0.15",TRUE,NA
"59",4.66666666666667,0.154789931972789,0.3,"0.15 - 0.2",TRUE,NA
"60",4.73333333333333,0.166474353741497,0.3,"0.15 - 0.2",TRUE,NA
"61",4.85833333333333,0.177265102040816,0.3,"0.15 - 0.2",TRUE,NA
"62",5.025,0.18525843537415,0.3,"0.15 - 0.2",FALSE,NA
"63",5.40833333333333,0.203472244897959,0.3,"0.2 - 0.25",FALSE,NA
"64",5.76666666666667,0.215259455782313,0.3,"0.2 - 0.25",FALSE,NA
"65",5.54166666666667,0.222705850340136,0.3,"0.2 - 0.25",FALSE,NA
"66",5.825,0.243715782312925,0.3,"0.2 - 0.25",FALSE,NA
"67",5.98333333333333,0.255060068027211,0.3,"0.25 - 0.3",FALSE,NA
"68",6.66666666666667,0.270590340136054,0.3,"0.25 - 0.3",FALSE,NA
"69",6.05,0.283307959183673,0.3,"0.25 - 0.3",FALSE,NA
"70",7.35,0.299163401360544,0.3,"0.25 - 0.3",FALSE,NA
"71",7.10833333333333,0.322249931972789,0.3,"0.3 - 0.35",FALSE,NA
"72",7.26666666666667,0.333072517006803,0.3,"0.3 - 0.35",FALSE,NA
"73",7.825,0.352676326530612,0.3,"0.35 - 0.4",FALSE,NA
"74",8.4,0.37477619047619,0.3,"0.35 - 0.4",FALSE,NA
"75",8.56666666666667,0.382118503401361,0.3,"0.35 - 0.4",FALSE,NA
"76",9.09166666666667,0.405535578231292,0.3,"0.4 - 0.45",FALSE,NA
"77",9.85,0.427636190476191,0.3,"0.4 - 0.45",FALSE,NA
"78",10.6833333333333,0.438010408163265,0.3,"0.4 - 0.45",FALSE,NA
"79",11.025,0.462680408163265,0.3,"0.45 - 0.5",FALSE,NA
"80",11.3083333333333,0.481708231292517,0.3,"0.45 - 0.5",FALSE,NA
"81",12.65,0.50388462585034,0.3,"0.5 - 0.55",FALSE,NA
"82",12.725,0.516929047619048,0.3,"0.5 - 0.55",FALSE,NA
"83",13.6166666666667,0.535336054421769,0.3,"0.5 - 0.55",FALSE,NA
"84",14.8833333333333,0.558422448979592,0.3,"0.55 - 0.6",FALSE,NA
"85",16.1666666666667,0.570121496598639,0.3,"0.55 - 0.6",FALSE,NA
"86",17.075,0.591365782312925,0.3,"0.55 - 0.6",FALSE,NA
"87",NA,0.607445170068027,0.3,"0.6 - 0.65",NA,NA
"88",NA,0.624036666666667,0.3,"0.6 - 0.65",NA,NA
"89",NA,0.643392448979592,0.3,"0.6 - 0.65",NA,NA
"90",NA,0.657753605442177,0.3,"0.65 - 0.7",NA,NA
"91",NA,0.676209931972789,0.3,"0.65 - 0.7",NA,NA
"92",NA,0.686528299319728,0.3,"0.65 - 0.7",NA,NA
"93",NA,0.703541836734694,0.3,"0.7 - 0.75",NA,NA
"94",NA,0.714518639455782,0.3,"0.7 - 0.75",NA,NA
"95",NA,0.730577210884354,0.3,"0.7 - 0.75",NA,NA
"96",NA,0.746492585034014,0.3,"0.7 - 0.75",NA,NA
"97",NA,0.756442244897959,0.3,"0.75 - 0.8",NA,NA
"98",NA,0.771479863945578,0.3,"0.75 - 0.8",NA,NA
"99",NA,0.784719319727891,0.3,"0.75 - 0.8",NA,NA
"100",NA,0.794892993197279,0.3,"0.75 - 0.8",NA,NA
"101",NA,0.807460884353742,0.3,"0.8 - 1.0",NA,NA
"102",NA,0.817240952380952,0.3,"0.8 - 1.0",NA,NA
"103",NA,0.823005918367347,0.3,"0.8 - 1.0",NA,NA
"104",NA,0.837288571428571,0.3,"0.8 - 1.0",NA,NA
"105",NA,0.844655578231293,0.3,"0.8 - 1.0",NA,NA
"106",NA,0.854404149659864,0.3,"0.8 - 1.0",NA,NA
"107",NA,0.86362380952381,0.3,"0.8 - 1.0",NA,NA
"108",NA,0.870480340136055,0.3,"0.8 - 1.0",NA,NA
"109",NA,0.879698503401361,0.3,"0.8 - 1.0",NA,NA
"110",NA,0.885409047619048,0.3,"0.8 - 1.0",NA,NA
"111",2.89166666666667,0.10522387755102,0.4,"0.0 - 0.15",TRUE,NA
"113",3.01666666666667,0.117610544217687,0.4,"0.0 - 0.15",TRUE,NA
"114",2.98333333333333,0.127335714285714,0.4,"0.0 - 0.15",TRUE,NA
"115",3.1,0.138823605442177,0.4,"0.0 - 0.15",TRUE,NA
"116",3.1,0.153120340136054,0.4,"0.15 - 0.2",TRUE,NA
"117",3.20833333333333,0.161006530612245,0.4,"0.15 - 0.2",TRUE,NA
"118",3.50833333333333,0.173282244897959,0.4,"0.15 - 0.2",TRUE,NA
"119",3.74166666666667,0.192176530612245,0.4,"0.15 - 0.2",TRUE,NA
"120",3.74166666666667,0.197445238095238,0.4,"0.15 - 0.2",TRUE,NA
"121",3.81666666666667,0.207332244897959,0.4,"0.2 - 0.25",TRUE,NA
"122",4.04166666666667,0.232042108843537,0.4,"0.2 - 0.25",TRUE,NA
"123",4.39166666666667,0.240703401360544,0.4,"0.2 - 0.25",TRUE,NA
"124",4.50833333333333,0.265057346938776,0.4,"0.25 - 0.3",TRUE,NA
"125",4.50833333333333,0.269531224489796,0.4,"0.25 - 0.3",TRUE,NA
"126",4.71666666666667,0.288972517006803,0.4,"0.25 - 0.3",TRUE,NA
"127",4.99166666666667,0.30972231292517,0.4,"0.3 - 0.35",TRUE,NA
"128",5.44166666666667,0.324299863945578,0.4,"0.3 - 0.35",FALSE,NA
"129",5.46666666666667,0.345743265306122,0.4,"0.3 - 0.35",FALSE,NA
"130",5.825,0.359151972789116,0.4,"0.35 - 0.4",FALSE,NA
"131",6.55833333333333,0.383774693877551,0.4,"0.35 - 0.4",FALSE,NA
"132",6.71666666666667,0.396121088435374,0.4,"0.35 - 0.4",FALSE,NA
"133",7.10833333333333,0.414291428571429,0.4,"0.4 - 0.45",FALSE,NA
"134",7.275,0.433492721088435,0.4,"0.4 - 0.45",FALSE,NA
"135",7.94166666666667,0.453477414965986,0.4,"0.45 - 0.5",FALSE,NA
"136",8.3,0.47153843537415,0.4,"0.45 - 0.5",FALSE,NA
"137",8.91666666666667,0.49367843537415,0.4,"0.45 - 0.5",FALSE,NA
"138",9.29166666666667,0.506555646258503,0.4,"0.5 - 0.55",FALSE,NA
"139",10.225,0.526505238095238,0.4,"0.5 - 0.55",FALSE,NA
"140",11.2916666666667,0.548885850340136,0.4,"0.5 - 0.55",FALSE,NA
"141",11.9083333333333,0.565700884353741,0.4,"0.55 - 0.6",FALSE,NA
"142",12.6916666666667,0.579185646258503,0.4,"0.55 - 0.6",FALSE,NA
"143",13.725,0.594416530612245,0.4,"0.55 - 0.6",FALSE,NA
"144",14.5333333333333,0.615715850340136,0.4,"0.6 - 0.65",FALSE,NA
"145",15.8166666666667,0.633161224489796,0.4,"0.6 - 0.65",FALSE,NA
"146",17.5333333333333,0.649836258503401,0.4,"0.6 - 0.65",FALSE,NA
"147",NA,0.666191904761905,0.4,"0.65 - 0.7",NA,NA
"148",NA,0.678238231292517,0.4,"0.65 - 0.7",NA,NA
"149",NA,0.695221632653061,0.4,"0.65 - 0.7",NA,NA
"150",NA,0.708864353741497,0.4,"0.7 - 0.75",NA,NA
"151",NA,0.724037482993197,0.4,"0.7 - 0.75",NA,NA
"152",NA,0.73478768707483,0.4,"0.7 - 0.75",NA,NA
"153",NA,0.746673401360544,0.4,"0.7 - 0.75",NA,NA
"154",NA,0.762752789115646,0.4,"0.75 - 0.8",NA,NA
"155",NA,0.774216190476191,0.4,"0.75 - 0.8",NA,NA
"156",NA,0.790143605442177,0.4,"0.75 - 0.8",NA,NA
"157",NA,0.797535238095238,0.4,"0.75 - 0.8",NA,NA
"158",NA,0.807869115646259,0.4,"0.8 - 1.0",NA,NA
"159",NA,0.819423401360544,0.4,"0.8 - 1.0",NA,NA
"160",NA,0.828289659863946,0.4,"0.8 - 1.0",NA,NA
"161",NA,0.839663945578232,0.4,"0.8 - 1.0",NA,NA
"162",NA,0.84573693877551,0.4,"0.8 - 1.0",NA,NA
"163",NA,0.853865714285714,0.4,"0.8 - 1.0",NA,NA
"164",NA,0.863275170068027,0.4,"0.8 - 1.0",NA,NA
"165",NA,0.870447142857143,0.4,"0.8 - 1.0",NA,NA
"167",1.85,0.0863478911564626,0.5,"0.0 - 0.15",TRUE,NA
"168",2.125,0.0967283673469388,0.5,"0.0 - 0.15",TRUE,NA
"169",1.99166666666667,0.109269047619048,0.5,"0.0 - 0.15",TRUE,NA
"170",2.3,0.11725537414966,0.5,"0.0 - 0.15",TRUE,NA
"171",2.425,0.135313401360544,0.5,"0.0 - 0.15",TRUE,NA
"172",2.275,0.136635170068027,0.5,"0.0 - 0.15",TRUE,NA
"173",2.36666666666667,0.142203401360544,0.5,"0.0 - 0.15",TRUE,NA
"174",2.60833333333333,0.167571360544218,0.5,"0.15 - 0.2",TRUE,NA
"175",2.85833333333333,0.173885102040816,0.5,"0.15 - 0.2",TRUE,NA
"176",2.71666666666667,0.186988775510204,0.5,"0.15 - 0.2",TRUE,NA
"177",2.8,0.195863741496599,0.5,"0.15 - 0.2",TRUE,NA
"178",3.00833333333333,0.210501836734694,0.5,"0.2 - 0.25",TRUE,NA
"179",3.29166666666667,0.227914285714286,0.5,"0.2 - 0.25",TRUE,NA
"180",3.28333333333333,0.237929727891157,0.5,"0.2 - 0.25",TRUE,NA
"181",3.53333333333333,0.260912040816327,0.5,"0.25 - 0.3",TRUE,NA
"182",3.69166666666667,0.275470068027211,0.5,"0.25 - 0.3",TRUE,NA
"183",3.88333333333333,0.297782993197279,0.5,"0.25 - 0.3",TRUE,NA
"184",4.03333333333333,0.316153129251701,0.5,"0.3 - 0.35",TRUE,NA
"185",4.28333333333333,0.331236462585034,0.5,"0.3 - 0.35",TRUE,NA
"186",4.75,0.350736190476191,0.5,"0.35 - 0.4",TRUE,NA
"187",4.79166666666667,0.363798095238095,0.5,"0.35 - 0.4",TRUE,NA
"188",5.1,0.381900612244898,0.5,"0.35 - 0.4",FALSE,NA
"189",5.39166666666667,0.405341632653061,0.5,"0.4 - 0.45",FALSE,NA
"190",5.68333333333333,0.421591768707483,0.5,"0.4 - 0.45",FALSE,NA
"191",6.24166666666667,0.447000816326531,0.5,"0.4 - 0.45",FALSE,NA
"192",6.54166666666667,0.463375782312925,0.5,"0.45 - 0.5",FALSE,NA
"193",6.7,0.474054829931973,0.5,"0.45 - 0.5",FALSE,NA
"194",7.5,0.498430544217687,0.5,"0.45 - 0.5",FALSE,NA
"195",8.15833333333333,0.519526598639456,0.5,"0.5 - 0.55",FALSE,NA
"196",8.80833333333333,0.543234693877551,0.5,"0.5 - 0.55",FALSE,NA
"197",9.075,0.54998,0.5,"0.5 - 0.55",FALSE,NA
"198",9.90833333333333,0.569007210884354,0.5,"0.55 - 0.6",FALSE,NA
"199",11.0416666666667,0.594035782312925,0.5,"0.55 - 0.6",FALSE,NA
"200",11.3166666666667,0.606362789115646,0.5,"0.6 - 0.65",FALSE,NA
"201",12.7166666666667,0.622746530612245,0.5,"0.6 - 0.65",FALSE,NA
"202",13.8583333333333,0.644447891156463,0.5,"0.6 - 0.65",FALSE,NA
"203",14.6166666666667,0.651270408163265,0.5,"0.65 - 0.7",FALSE,NA
"204",16.125,0.672014353741497,0.5,"0.65 - 0.7",FALSE,NA
"205",17.6916666666667,0.686563333333333,0.5,"0.65 - 0.7",FALSE,NA
"206",19.3166666666667,0.702761972789116,0.5,"0.7 - 0.75",FALSE,NA
"207",NA,0.717467346938776,0.5,"0.7 - 0.75",NA,NA
"208",NA,0.730303945578231,0.5,"0.7 - 0.75",NA,NA
"209",NA,0.74660619047619,0.5,"0.7 - 0.75",NA,NA
"210",NA,0.75440768707483,0.5,"0.75 - 0.8",NA,NA
"211",NA,0.768558503401361,0.5,"0.75 - 0.8",NA,NA
"212",NA,0.779523469387755,0.5,"0.75 - 0.8",NA,NA
"213",NA,0.787462585034013,0.5,"0.75 - 0.8",NA,NA
"214",NA,0.802596530612245,0.5,"0.8 - 1.0",NA,NA
"215",NA,0.812511360544218,0.5,"0.8 - 1.0",NA,NA
"216",NA,0.822239455782313,0.5,"0.8 - 1.0",NA,NA
"217",NA,0.832708367346939,0.5,"0.8 - 1.0",NA,NA
"218",NA,0.838830952380952,0.5,"0.8 - 1.0",NA,NA
"219",NA,0.848878639455782,0.5,"0.8 - 1.0",NA,NA
"220",NA,0.855094829931973,0.5,"0.8 - 1.0",NA,NA
"221",1.36666666666667,0.0610531972789116,0.6,"0.0 - 0.15",TRUE,NA
"222",1.49166666666667,0.0624601360544218,0.6,"0.0 - 0.15",TRUE,NA
"223",1.50833333333333,0.072704149659864,0.6,"0.0 - 0.15",TRUE,NA
"224",1.625,0.0858573469387755,0.6,"0.0 - 0.15",TRUE,NA
"225",1.56666666666667,0.087362925170068,0.6,"0.0 - 0.15",TRUE,NA
"226",1.825,0.105988095238095,0.6,"0.0 - 0.15",TRUE,NA
"228",1.70833333333333,0.124584149659864,0.6,"0.0 - 0.15",TRUE,NA
"229",1.9,0.129839115646258,0.6,"0.0 - 0.15",TRUE,NA
"230",2.09166666666667,0.151090204081633,0.6,"0.15 - 0.2",TRUE,NA
"231",2.09166666666667,0.164604965986395,0.6,"0.15 - 0.2",TRUE,NA
"232",2.28333333333333,0.180057346938776,0.6,"0.15 - 0.2",TRUE,NA
"233",2.125,0.181858231292517,0.6,"0.15 - 0.2",TRUE,NA
"234",2.20833333333333,0.19973693877551,0.6,"0.15 - 0.2",TRUE,NA
"235",2.425,0.211469727891156,0.6,"0.2 - 0.25",TRUE,NA
"236",2.75,0.237264013605442,0.6,"0.2 - 0.25",TRUE,NA
"237",2.75,0.253668299319728,0.6,"0.25 - 0.3",TRUE,NA
"238",3.025,0.268616326530612,0.6,"0.25 - 0.3",TRUE,NA
"239",3,0.285717959183673,0.6,"0.25 - 0.3",TRUE,NA
"240",3.19166666666667,0.298393129251701,0.6,"0.25 - 0.3",TRUE,NA
"241",3.46666666666667,0.326683129251701,0.6,"0.3 - 0.35",TRUE,NA
"242",3.675,0.339842993197279,0.6,"0.3 - 0.35",TRUE,NA
"243",3.79166666666667,0.354698503401361,0.6,"0.35 - 0.4",TRUE,NA
"244",3.96666666666667,0.374051156462585,0.6,"0.35 - 0.4",TRUE,NA
"245",4.4,0.396515442176871,0.6,"0.35 - 0.4",TRUE,NA
"246",4.73333333333333,0.418957006802721,0.6,"0.4 - 0.45",TRUE,NA
"247",4.83333333333333,0.433119319727891,0.6,"0.4 - 0.45",TRUE,NA
"248",5.175,0.451480952380952,0.6,"0.45 - 0.5",FALSE,NA
"249",5.83333333333333,0.476840068027211,0.6,"0.45 - 0.5",FALSE,NA
"250",6.03333333333333,0.49017156462585,0.6,"0.45 - 0.5",FALSE,NA
"251",6.65,0.512596802721089,0.6,"0.5 - 0.55",FALSE,NA
"252",7.05833333333333,0.529588775510204,0.6,"0.5 - 0.55",FALSE,NA
"253",7.625,0.545654557823129,0.6,"0.5 - 0.55",FALSE,NA
"254",8.26666666666667,0.568795646258503,0.6,"0.55 - 0.6",FALSE,NA
"255",8.425,0.577040816326531,0.6,"0.55 - 0.6",FALSE,NA
"256",9.50833333333333,0.600159319727891,0.6,"0.6 - 0.65",FALSE,NA
"257",10.6333333333333,0.616764693877551,0.6,"0.6 - 0.65",FALSE,NA
"258",11.25,0.632707619047619,0.6,"0.6 - 0.65",FALSE,NA
"259",NA,0.673156489795918,0.6,"0.65 - 0.7",NA,NA
"260",13.2583333333333,0.66245612244898,0.6,"0.65 - 0.7",FALSE,NA
"261",14.975,0.68281149659864,0.6,"0.65 - 0.7",FALSE,NA
"262",15.9,0.692902176870748,0.6,"0.65 - 0.7",FALSE,NA
"263",17.4583333333333,0.706982653061225,0.6,"0.7 - 0.75",FALSE,NA
"264",NA,0.723975986394558,0.6,"0.7 - 0.75",NA,NA
"265",NA,0.734257551020408,0.6,"0.7 - 0.75",NA,NA
"266",NA,0.747147551020408,0.6,"0.7 - 0.75",NA,NA
"267",NA,0.761051360544218,0.6,"0.75 - 0.8",NA,NA
"268",NA,0.768987414965987,0.6,"0.75 - 0.8",NA,NA
"269",NA,0.718071782312925,0.6,"0.7 - 0.75",NA,NA
"270",NA,0.727805176870748,0.6,"0.7 - 0.75",NA,NA
"271",NA,0.8067268707483,0.6,"0.8 - 1.0",NA,NA
"272",NA,0.814804693877551,0.6,"0.8 - 1.0",NA,NA
"273",NA,0.823398571428572,0.6,"0.8 - 1.0",NA,NA
"274",NA,0.834522108843537,0.6,"0.8 - 1.0",NA,NA
"275",NA,0.840957619047619,0.6,"0.8 - 1.0",NA,NA
